[
    {
        "Account Age": 50,
        "Account Balance": 205000,
        "Account Name": "Ahmed Mohammed",
        "Account Number": 535535,
        "Account Type": "Silver"
    },
    {
        "Account Age": 25,
        "Account Balance": 99995,
        "Account Name": "Ahmed Mohammed Arafa",
        "Account Number": 887601,
        "Account Type": "Manager"
    },
    {
        "Account Age": 35,
        "Account Balance": 200000,
        "Account Name": "Mohammed Adel",
        "Account Number": 571063,
        "Account Type": "VIP"
    },
    {
        "Account Age": 30,
        "Account Balance": 495000,
        "Account Name": "Mohanad ",
        "Account Number": 813243,
        "Account Type": "Manager"
    }
]
