[
    {
        "Account Number": 535535,
        "Request Log": [
            {
                "2024, July , Saturday, 12:45:47 AM": "Request 2"
            },
            {
                "2024, July , Saturday, 12:45:31 AM": "Request 1"
            }
        ]
    },
    {
        "Account Number": 887601,
        "Request Log": [
            {
                "2024, July , Tuesday, 06:05:05 PM": "View Transaction History"
            },
            {
                "2024, July , Tuesday, 06:04:47 PM": "View Transaction History"
            },
            {
                "2024, July , Tuesday, 06:04:46 PM": "New Login Request"
            },
            {
                "2024, July , Monday, 05:36:14 AM": "New Login Request"
            },
            {
                "2024, July , Monday, 05:33:36 AM": "New Login Request"
            },
            {
                "2024, July , Monday, 05:30:50 AM": "New Login Request"
            },
            {
                "2024, July , Sunday, 06:08:20 PM": "New Login Request"
            },
            {
                "2024, July , Sunday, 05:10:51 PM": "Transfer Funds to Account Number 1With Amount of 1$"
            },
            {
                "2024, July , Sunday, 05:10:47 PM": "New Login Request"
            },
            {
                "2024, July , Sunday, 05:01:51 PM": "Transfer Funds to Account Number 571063With Amount of 2$"
            },
            {
                "2024, July , Sunday, 05:01:46 PM": "Transfer Funds to Account Number 571063With Amount of 2$"
            },
            {
                "2024, July , Sunday, 05:01:28 PM": "Transfer Funds to Account Number 571063With Amount of 1$"
            },
            {
                "2024, July , Sunday, 05:01:16 PM": "Transfer Funds to Account Number 571063With Amount of 1$"
            },
            {
                "2024, July , Sunday, 05:00:56 PM": "New Login Request"
            },
            {
                "2024, July , Sunday, 04:59:57 PM": "Transfer Funds to Account Number 571063With Amount of 100$"
            },
            {
                "2024, July , Sunday, 04:59:54 PM": "Transfer Funds to Account Number 571063With Amount of 100$"
            },
            {
                "2024, July , Sunday, 04:59:18 PM": "Transfer Funds to Account Number 571063With Amount of 100$"
            },
            {
                "2024, July , Sunday, 04:59:06 PM": "New Login Request"
            },
            {
                "2024, July , Sunday, 04:52:38 PM": "Transfer Funds to Account Number 571063With Amount of 1000$"
            },
            {
                "2024, July , Sunday, 04:52:33 PM": "New Login Request"
            },
            {
                "2024, July , Sunday, 04:51:33 PM": "Transfer Funds to Account Number 571063With Amount of 100$"
            },
            {
                "2024, July , Sunday, 04:51:28 PM": "New Login Request"
            },
            {
                "2024, July , Sunday, 04:50:19 PM": "Transfer Funds to Account Number 571063With Amount of 1000$"
            },
            {
                "2024, July , Sunday, 04:50:09 PM": "New Login Request"
            },
            {
                "2024, July , Sunday, 04:45:07 PM": "Transfer Funds to Account Number 571063With Amount of 1000$"
            },
            {
                "2024, July , Sunday, 04:44:51 PM": "New Login Request"
            },
            {
                "2024, July , Sunday, 04:41:52 PM": "Transfer Funds to Account Number 571063With Amount of 1000$"
            },
            {
                "2024, July , Sunday, 04:41:32 PM": "New Login Request"
            },
            {
                "2024, July , Sunday, 04:38:15 PM": "Get Account Number"
            },
            {
                "2024, July , Sunday, 04:37:35 PM": "Transfer Funds to Account Number 571063With Amount of 99.5$"
            },
            {
                "2024, July , Sunday, 04:37:05 PM": "Transfer Funds to Account Number 571063With Amount of 99.5$"
            },
            {
                "2024, July , Sunday, 04:37:01 PM": "Transfer Funds to Account Number 571063With Amount of 99.5$"
            },
            {
                "2024, July , Sunday, 04:36:59 PM": "Transfer Funds to Account Number 571063With Amount of 99.5$"
            },
            {
                "2024, July , Sunday, 04:36:57 PM": "Transfer Funds to Account Number 571063With Amount of 99.5$"
            },
            {
                "2024, July , Sunday, 04:36:49 PM": "Transfer Funds to Account Number 571063With Amount of 99.5$"
            },
            {
                "2024, July , Sunday, 04:36:46 PM": "Transfer Funds to Account Number 571063With Amount of 99.5$"
            },
            {
                "2024, July , Sunday, 04:36:46 PM": "Transfer Funds to Account Number 571063With Amount of 99.5$"
            },
            {
                "2024, July , Sunday, 04:36:41 PM": "Transfer Funds to Account Number 571063With Amount of 99.5$"
            },
            {
                "2024, July , Sunday, 04:36:27 PM": "New Login Request"
            },
            {
                "2024, July , Sunday, 04:35:17 PM": "Transfer Funds to Account Number 863301With Amount of 99.5$"
            },
            {
                "2024, July , Sunday, 04:35:13 PM": "Transfer Funds to Account Number 863301With Amount of 99.5$"
            },
            {
                "2024, July , Sunday, 04:35:10 PM": "Transfer Funds to Account Number 863301With Amount of 99.5$"
            },
            {
                "2024, July , Sunday, 04:35:08 PM": "Transfer Funds to Account Number 863301With Amount of 99.5$"
            },
            {
                "2024, July , Sunday, 04:35:06 PM": "Transfer Funds to Account Number 863301With Amount of 99.5$"
            },
            {
                "2024, July , Sunday, 04:34:29 PM": "Transfer Funds to Account Number 571063With Amount of 99.5$"
            },
            {
                "2024, July , Sunday, 04:34:26 PM": "Transfer Funds to Account Number 571063With Amount of 99.5$"
            },
            {
                "2024, July , Sunday, 04:34:08 PM": "Transfer Funds to Account Number 571063With Amount of 99.5$"
            },
            {
                "2024, July , Sunday, 04:33:31 PM": "Get User Balance"
            },
            {
                "2024, July , Sunday, 04:33:29 PM": "Get User Balance"
            },
            {
                "2024, July , Sunday, 04:33:27 PM": "New Login Request"
            },
            {
                "2024, July , Sunday, 04:18:42 PM": "New Login Request"
            },
            {
                "2024, July , Sunday, 12:36:29 AM": "New Login Request"
            },
            {
                "2024, July , Sunday, 12:00:10 AM": "New Login Request"
            },
            {
                "2024, July , Saturday, 11:32:10 PM": "New Login Request"
            },
            {
                "2024, July , Saturday, 11:23:52 PM": "Get User Balance"
            },
            {
                "2024, July , Saturday, 11:23:51 PM": "New Login Request"
            },
            {
                "2024, July , Saturday, 11:22:53 PM": "View Transaction History"
            },
            {
                "2024, July , Saturday, 11:22:47 PM": "New Login Request"
            },
            {
                "2024, July , Saturday, 11:22:10 PM": "View Transaction History"
            },
            {
                "2024, July , Saturday, 11:22:05 PM": "New Login Request"
            },
            {
                "2024, July , Saturday, 11:08:30 PM": "Transfer Funds to Account Number 535535With Amount of 1000000$"
            },
            {
                "2024, July , Saturday, 11:06:40 PM": "Transfer Funds to Account Number 168592With Amount of 1$"
            },
            {
                "2024, July , Saturday, 11:05:44 PM": "Transfer Funds to Account Number 1With Amount of 1$"
            },
            {
                "2024, July , Saturday, 11:05:40 PM": "Transfer Funds to Account Number 1With Amount of $"
            },
            {
                "2024, July , Saturday, 10:52:46 PM": "Transfer Funds to Account Number 535535With Amount of 50000$"
            },
            {
                "2024, July , Saturday, 10:50:30 PM": "Transfer Funds to Account Number 863301With Amount of 10000$"
            },
            {
                "2024, July , Saturday, 10:49:52 PM": "Transfer Funds to Account Number 863301With Amount of 1000000$"
            },
            {
                "2024, July , Saturday, 10:49:34 PM": "Transfer Funds to Account Number 2With Amount of 1000000$"
            },
            {
                "2024, July , Saturday, 10:47:58 PM": "Transfer Funds to Account Number 1With Amount of 100$"
            },
            {
                "2024, July , Saturday, 10:47:28 PM": "Deduct Funds of Amount 100"
            },
            {
                "2024, July , Saturday, 10:47:23 PM": "Deduct Funds of Amount 10000"
            },
            {
                "2024, July , Saturday, 10:47:20 PM": "Add Funds of Amount 10000"
            },
            {
                "2024, July , Saturday, 10:46:49 PM": "Deduct Funds of Amount 10000"
            },
            {
                "2024, July , Saturday, 10:46:46 PM": "Add Funds of Amount 10000"
            },
            {
                "2024, July , Saturday, 10:45:23 PM": "Deduct Funds of Amount 20000"
            },
            {
                "2024, July , Saturday, 10:43:17 PM": "Transfer Funds to Account Number 2With Amount of 2$"
            },
            {
                "2024, July , Saturday, 10:42:06 PM": "Transfer Funds to Account Number 1With Amount of 1$"
            },
            {
                "2024, July , Saturday, 10:40:36 PM": "Transfer Funds to Account Number 2With Amount of 2$"
            },
            {
                "2024, July , Saturday, 09:27:06 PM": "Transfer Funds to Account Number 1With Amount of 1$"
            },
            {
                "2024, July , Saturday, 09:01:37 PM": "Transfer Funds to Account Number 1With Amount of 1$"
            },
            {
                "2024, July , Saturday, 06:59:55 PM": "Deduct Funds of Amount -10000"
            },
            {
                "2024, July , Saturday, 06:43:26 PM": "Deduct Funds of Amount -10000"
            },
            {
                "2024, July , Saturday, 06:37:59 PM": "Deduct Funds of Amount 1000001"
            },
            {
                "2024, July , Saturday, 06:37:56 PM": "Add Funds of Amount 100000"
            },
            {
                "2024, July , Saturday, 06:37:49 PM": "Add Funds of Amount 100000"
            },
            {
                "2024, July , Saturday, 06:35:27 PM": "Add Funds of Amount 100"
            },
            {
                "2024, July , Saturday, 06:35:16 PM": "Add Funds of Amount 10"
            },
            {
                "2024, July , Saturday, 06:34:56 PM": "Add Funds of Amount 100000"
            },
            {
                "2024, July , Saturday, 06:34:41 PM": "View Transaction History"
            },
            {
                "2024, July , Saturday, 06:33:35 PM": "Add Funds of Amount 12"
            },
            {
                "2024, July , Saturday, 06:32:42 PM": "Add Funds of Amount 1"
            },
            {
                "2024, July , Saturday, 06:31:51 PM": "Add Funds of Amount 10000"
            },
            {
                "2024, July , Saturday, 06:28:43 PM": "Add Funds of Amount 10000"
            },
            {
                "2024, July , Saturday, 06:24:19 PM": "Deduct Funds of Amount 100000"
            },
            {
                "2024, July , Saturday, 06:24:19 PM": "Deduct Funds of Amount 100000"
            },
            {
                "2024, July , Saturday, 06:24:18 PM": "Deduct Funds of Amount 100000"
            },
            {
                "2024, July , Saturday, 06:24:09 PM": "Add Funds of Amount 100000"
            },
            {
                "2024, July , Saturday, 06:17:28 PM": "Add Funds of Amount 10000"
            },
            {
                "2024, July , Saturday, 06:15:59 PM": "Add Funds of Amount 10000"
            },
            {
                "2024, July , Saturday, 06:14:21 PM": "Add Funds of Amount 1000"
            },
            {
                "2024, July , Saturday, 06:13:10 PM": "Add Funds of Amount 10000"
            },
            {
                "2024, July , Saturday, 06:13:06 PM": "Deduct Funds of Amount 10000"
            },
            {
                "2024, July , Saturday, 05:56:05 PM": "Deduct Funds of Amount 21000"
            },
            {
                "2024, July , Saturday, 05:55:55 PM": "Deduct Funds of Amount 21000"
            },
            {
                "2024, July , Saturday, 05:55:47 PM": "Deduct Funds of Amount 21000"
            },
            {
                "2024, July , Saturday, 05:55:34 PM": "Deduct Funds of Amount 20000"
            },
            {
                "2024, July , Saturday, 05:55:32 PM": "Deduct Funds of Amount 20000"
            },
            {
                "2024, July , Saturday, 05:55:31 PM": "Deduct Funds of Amount 20000"
            },
            {
                "2024, July , Saturday, 05:55:29 PM": "Deduct Funds of Amount 20000"
            },
            {
                "2024, July , Saturday, 05:55:27 PM": "Deduct Funds of Amount 20000"
            },
            {
                "2024, July , Saturday, 05:55:26 PM": "Deduct Funds of Amount 20000"
            },
            {
                "2024, July , Saturday, 05:55:23 PM": "Deduct Funds of Amount 20000"
            },
            {
                "2024, July , Saturday, 05:55:20 PM": "Deduct Funds of Amount 20000"
            },
            {
                "2024, July , Saturday, 05:39:03 PM": "Deduct Funds of Amount 100"
            },
            {
                "2024, July , Saturday, 05:27:29 PM": "Deduct Funds of Amount 123411111111"
            },
            {
                "2024, July , Saturday, 05:24:21 PM": "Deduct Funds of Amount 100000"
            },
            {
                "2024, July , Saturday, 04:45:01 PM": "Get Account Number"
            },
            {
                "2024, July , Saturday, 04:44:59 PM": "Get User Balance"
            },
            {
                "2024, July , Saturday, 04:44:57 PM": "View Transaction History"
            },
            {
                "2024, July , Friday, 07:24:32 PM": "View Transaction History"
            },
            {
                "2024, July , Friday, 07:24:30 PM": "Get User Balance"
            },
            {
                "2024, July , Friday, 07:24:28 PM": "View Transaction History"
            },
            {
                "2024, July , Friday, 07:24:26 PM": "View Transaction History"
            },
            {
                "2024, July , Friday, 07:23:38 PM": "View Transaction History"
            },
            {
                "2024, July , Friday, 07:23:36 PM": "Get Account Number"
            },
            {
                "2024, July , Friday, 07:23:34 PM": "Get User Balance"
            },
            {
                "2024, July , Friday, 07:23:30 PM": "View Transaction History"
            },
            {
                "2024, July , Friday, 07:22:52 PM": "View Transaction History"
            },
            {
                "2024, July , Friday, 07:22:10 PM": "View Transaction History"
            },
            {
                "2024, July , Friday, 07:14:42 PM": "View Transaction History"
            },
            {
                "2024, July , Friday, 07:11:40 PM": "View Transaction History"
            },
            {
                "2024, July , Friday, 07:10:39 PM": "View Transaction History"
            },
            {
                "2024, July , Friday, 07:08:19 PM": "View Transaction History"
            },
            {
                "2024, July , Friday, 07:05:34 PM": "View Transaction History"
            },
            {
                "2024, July , Friday, 07:05:32 PM": "Get User Balance"
            },
            {
                "2024, July , Friday, 07:05:28 PM": "View Transaction History"
            },
            {
                "2024, July , Friday, 07:05:23 PM": "View Transaction History"
            },
            {
                "2024, July , Friday, 07:05:20 PM": "View Transaction History"
            },
            {
                "2024, July , Friday, 07:04:57 PM": "View Transaction History"
            },
            {
                "2024, July , Friday, 07:02:31 PM": "Get Account Number"
            },
            {
                "2024, July , Friday, 07:02:23 PM": "Get Account Number"
            },
            {
                "2024, July , Friday, 07:02:22 PM": "View Transaction History"
            },
            {
                "2024, July , Friday, 07:02:20 PM": "Get User Balance"
            },
            {
                "2024, July , Friday, 07:02:15 PM": "View Transaction History"
            },
            {
                "2024, July , Friday, 07:02:13 PM": "Get User Balance"
            },
            {
                "2024, July , Friday, 07:02:11 PM": "Get Account Number"
            },
            {
                "2024, July , Friday, 07:01:12 PM": "View Transaction History"
            },
            {
                "2024, July , Friday, 07:00:10 PM": "View Transaction History"
            },
            {
                "2024, July , Friday, 06:56:44 PM": "View Transaction History"
            },
            {
                "2024, July , Friday, 06:56:19 PM": "View Transaction History"
            },
            {
                "2024, July , Friday, 06:51:24 PM": "View Transaction History"
            },
            {
                "2024, July , Friday, 06:48:31 PM": "View Transaction History"
            },
            {
                "2024, July , Friday, 06:16:32 PM": "View Transaction History"
            },
            {
                "2024, July , Friday, 06:14:34 PM": "View Transaction History"
            },
            {
                "2024, July , Friday, 06:08:12 PM": "View Transaction History"
            },
            {
                "2024, July , Friday, 06:07:20 PM": "View Transaction History"
            },
            {
                "2024, July , Friday, 05:39:37 PM": "Get User Balance"
            },
            {
                "2024, July , Friday, 05:36:27 PM": "Get User Balance"
            },
            {
                "2024, July , Friday, 05:34:46 PM": "Get User Balance"
            },
            {
                "2024, July , Friday, 05:33:04 PM": "Get User Balance"
            },
            {
                "2024, July , Friday, 05:31:08 PM": "Get User Balance"
            },
            {
                "2024, July , Friday, 05:23:34 PM": "Get User BalanceGet_Account_Balance"
            },
            {
                "2024, July , Friday, 04:00:06 PM": "Get Account Number"
            }
        ]
    },
    {
        "Account Number": 571063,
        "Request Log": [
            {
                "2024, July , Tuesday, 06:05:53 PM": "View Transaction History"
            },
            {
                "2024, July , Tuesday, 06:05:51 PM": "New Login Request"
            },
            {
                "2024, July , Monday, 03:41:55 PM": "View Transaction HistoryView_Transaction_History"
            },
            {
                "2024, July , Monday, 03:41:35 PM": "New Login Request"
            }
        ]
    },
    {
        "Account Number": 813243,
        "Request Log": [
            {
                "2024, July , Tuesday, 07:02:28 PM": "View Transaction History"
            },
            {
                "2024, July , Tuesday, 07:02:12 PM": "Transfer Funds to Account Number 535535With Amount of 5000$"
            },
            {
                "2024, July , Tuesday, 07:01:20 PM": "New Login Request"
            }
        ]
    }
]
