[
    {
        "Accounts": [
            {
                "Email": "ahmed.mohammed13990@gmail.com",
                "ID": 535535,
                "Password": "01127980543"
            },
            {
                "Email": "2",
                "ID": 887601,
                "Password": "2"
            },
            {
                "Email": "Mohammed_Adel@gmail.com",
                "ID": 571063,
                "Password": "11111111111"
            },
            {
                "Email": "mohanad_mohammed@gmail.com",
                "ID": 813243,
                "Password": "123"
            }
        ],
        "Type": "User"
    },
    {
        "Accounts": [
            {
                "Email": "ahmed.mohammed1399@gmail.com",
                "ID": 536828,
                "Password": "01127980543"
            },
            {
                "Email": "1",
                "ID": 536828,
                "Password": "1"
            }
        ],
        "Type": "Admin"
    }
]
