[
    {
        "Account Number": 535535,
        "Transaction History": [
            {
                "2024, July , Tuesday, 07:02:12 PM": "Receive Funds of amount 5000$from the Account with number 813243"
            },
            {
                "2024, July , Saturday, 10:52:46 PM": "Receive Funds of amount 50000$from the Account with number 887601"
            }
        ]
    },
    {
        "Account Number": 887601,
        "Transaction History": [
            {
                "2024, July , Sunday, 05:01:51 PM": "Transfer Funds of amount 2$to the Account with number 571063"
            },
            {
                "2024, July , Sunday, 05:01:46 PM": "Transfer Funds of amount 2$to the Account with number 571063"
            },
            {
                "2024, July , Sunday, 05:01:28 PM": "Transfer Funds of amount 1$to the Account with number 571063"
            },
            {
                "2024, July , Sunday, 05:01:16 PM": "Transfer Funds of amount 1$to the Account with number 571063"
            },
            {
                "2024, July , Sunday, 04:59:57 PM": "Transfer Funds of amount 100$to the Account with number 571063"
            },
            {
                "2024, July , Sunday, 04:59:54 PM": "Transfer Funds of amount 100$to the Account with number 571063"
            },
            {
                "2024, July , Sunday, 04:59:18 PM": "Transfer Funds of amount 100$to the Account with number 571063"
            },
            {
                "2024, July , Sunday, 04:52:38 PM": "Transfer Funds of amount 1000$to the Account with number 571063"
            },
            {
                "2024, July , Sunday, 04:51:33 PM": "Transfer Funds of amount 100$to the Account with number 571063"
            },
            {
                "2024, July , Sunday, 04:50:19 PM": "Transfer Funds of amount 1000$to the Account with number 571063"
            },
            {
                "2024, July , Sunday, 04:45:07 PM": "Transfer Funds of amount 1000$to the Account with number 571063"
            },
            {
                "2024, July , Sunday, 04:41:52 PM": "Transfer Funds of amount 1000$to the Account with number 571063"
            },
            {
                "2024, July , Sunday, 04:37:35 PM": "Transfer Funds of amount 99.5$to the Account with number 571063"
            },
            {
                "2024, July , Sunday, 04:37:05 PM": "Transfer Funds of amount 99.5$to the Account with number 571063"
            },
            {
                "2024, July , Sunday, 04:37:01 PM": "Transfer Funds of amount 99.5$to the Account with number 571063"
            },
            {
                "2024, July , Sunday, 04:36:59 PM": "Transfer Funds of amount 99.5$to the Account with number 571063"
            },
            {
                "2024, July , Sunday, 04:36:57 PM": "Transfer Funds of amount 99.5$to the Account with number 571063"
            },
            {
                "2024, July , Sunday, 04:36:49 PM": "Transfer Funds of amount 99.5$to the Account with number 571063"
            },
            {
                "2024, July , Sunday, 04:36:46 PM": "Transfer Funds of amount 99.5$to the Account with number 571063"
            },
            {
                "2024, July , Sunday, 04:36:46 PM": "Transfer Funds of amount 99.5$to the Account with number 571063"
            },
            {
                "2024, July , Sunday, 04:36:41 PM": "Transfer Funds of amount 99.5$to the Account with number 571063"
            },
            {
                "2024, July , Sunday, 04:35:17 PM": "Transfer Funds of amount 99.5$to the Account with number 863301"
            },
            {
                "2024, July , Sunday, 04:35:13 PM": "Transfer Funds of amount 99.5$to the Account with number 863301"
            },
            {
                "2024, July , Sunday, 04:35:10 PM": "Transfer Funds of amount 99.5$to the Account with number 863301"
            },
            {
                "2024, July , Sunday, 04:35:08 PM": "Transfer Funds of amount 99.5$to the Account with number 863301"
            },
            {
                "2024, July , Sunday, 04:35:06 PM": "Transfer Funds of amount 99.5$to the Account with number 863301"
            },
            {
                "2024, July , Sunday, 04:34:29 PM": "Transfer Funds of amount 99.5$to the Account with number 571063"
            },
            {
                "2024, July , Sunday, 04:34:26 PM": "Transfer Funds of amount 99.5$to the Account with number 571063"
            },
            {
                "2024, July , Sunday, 04:34:08 PM": "Transfer Funds of amount 99.5$to the Account with number 571063"
            },
            {
                "2024, July , Saturday, 10:52:46 PM": "Transfer Funds of amount 50000$to the Account with number 535535"
            },
            {
                "2024, July , Saturday, 10:50:30 PM": "Transfer Funds of amount 10000$to the Account with number 863301"
            },
            {
                "2024, July , Saturday, 10:47:28 PM": "Deduct Funds with amount of 100$"
            },
            {
                "2024, July , Saturday, 10:47:23 PM": "Deduct Funds with amount of 10000$"
            },
            {
                "2024, July , Saturday, 10:47:20 PM": "Add Funds with amount of 10000$"
            },
            {
                "2024, July , Saturday, 10:46:49 PM": "Deduct Funds with amount of 10000$"
            },
            {
                "2024, July , Saturday, 10:46:46 PM": "Add Funds with amount of 10000$"
            },
            {
                "2024, July , Saturday, 10:45:23 PM": "Deduct Funds with amount of 160100$"
            },
            {
                "2024, July , Saturday, 06:59:55 PM": "Deduct Funds with amount of 180100$"
            },
            {
                "2024, July , Saturday, 06:43:26 PM": "Deduct Funds with amount of 190100$"
            },
            {
                "2024, July , Saturday, 06:37:56 PM": "Add Funds with amount of 100000$"
            },
            {
                "2024, July , Saturday, 06:37:49 PM": "Add Funds with amount of 100000$"
            },
            {
                "2024, July , Saturday, 06:35:27 PM": "Add Funds with amount of 100$"
            },
            {
                "2024, July , Saturday, 06:35:16 PM": "Add Funds with amount of 10$"
            },
            {
                "2024, July , Saturday, 06:34:55 PM": "Add Funds with amount of 100000$"
            },
            {
                "2024, July , Saturday, 06:33:35 PM": "Add Funds with amount of 12$"
            },
            {
                "2024, July , Saturday, 06:32:41 PM": "Add Funds with amount of 1$"
            },
            {
                "2024, July , Saturday, 06:31:51 PM": "Add Funds with amount of 10000$"
            },
            {
                "2024, July , Saturday, 06:28:43 PM": "Add Funds with amount of 10000$"
            },
            {
                "2024, July , Saturday, 06:24:19 PM": "Deduct Funds with amount of 0$"
            },
            {
                "2024, July , Saturday, 06:24:18 PM": "Deduct Funds with amount of 100000$"
            },
            {
                "2024, July , Saturday, 06:24:09 PM": "Add Funds with amount of 200000$"
            },
            {
                "2024, July , Friday, 09:05:42 PM": "New Transaction Occured 6"
            }
        ]
    },
    {
        "Account Number": 571063,
        "Transaction History": [
            {
                "2024, July , Sunday, 05:01:51 PM": "Receive Funds of amount 2$from the Account with number 887601"
            },
            {
                "2024, July , Sunday, 05:01:46 PM": "Receive Funds of amount 2$from the Account with number 887601"
            },
            {
                "2024, July , Sunday, 05:01:28 PM": "Receive Funds of amount 1$from the Account with number 887601"
            },
            {
                "2024, July , Sunday, 05:01:16 PM": "Receive Funds of amount 1$from the Account with number 887601"
            },
            {
                "2024, July , Sunday, 04:59:57 PM": "Receive Funds of amount 100$from the Account with number 887601"
            },
            {
                "2024, July , Sunday, 04:59:54 PM": "Receive Funds of amount 100$from the Account with number 887601"
            },
            {
                "2024, July , Sunday, 04:59:18 PM": "Receive Funds of amount 100$from the Account with number 887601"
            },
            {
                "2024, July , Sunday, 04:52:38 PM": "Receive Funds of amount 1000$from the Account with number 887601"
            },
            {
                "2024, July , Sunday, 04:51:33 PM": "Receive Funds of amount 100$from the Account with number 887601"
            },
            {
                "2024, July , Sunday, 04:50:19 PM": "Receive Funds of amount 1000$from the Account with number 887601"
            },
            {
                "2024, July , Sunday, 04:45:07 PM": "Receive Funds of amount 1000$from the Account with number 887601"
            },
            {
                "2024, July , Sunday, 04:41:52 PM": "Receive Funds of amount 1000$from the Account with number 887601"
            },
            {
                "2024, July , Sunday, 04:37:35 PM": "Receive Funds of amount 99.5$from the Account with number 887601"
            },
            {
                "2024, July , Sunday, 04:37:05 PM": "Receive Funds of amount 99.5$from the Account with number 887601"
            },
            {
                "2024, July , Sunday, 04:37:01 PM": "Receive Funds of amount 99.5$from the Account with number 887601"
            },
            {
                "2024, July , Sunday, 04:36:59 PM": "Receive Funds of amount 99.5$from the Account with number 887601"
            },
            {
                "2024, July , Sunday, 04:36:57 PM": "Receive Funds of amount 99.5$from the Account with number 887601"
            },
            {
                "2024, July , Sunday, 04:36:49 PM": "Receive Funds of amount 99.5$from the Account with number 887601"
            },
            {
                "2024, July , Sunday, 04:36:46 PM": "Receive Funds of amount 99.5$from the Account with number 887601"
            },
            {
                "2024, July , Sunday, 04:36:46 PM": "Receive Funds of amount 99.5$from the Account with number 887601"
            },
            {
                "2024, July , Sunday, 04:36:41 PM": "Receive Funds of amount 99.5$from the Account with number 887601"
            },
            {
                "2024, July , Sunday, 04:34:29 PM": "Receive Funds of amount 99.5$from the Account with number 887601"
            },
            {
                "2024, July , Sunday, 04:34:26 PM": "Receive Funds of amount 99.5$from the Account with number 887601"
            },
            {
                "2024, July , Sunday, 04:34:08 PM": "Receive Funds of amount 99.5$from the Account with number 887601"
            }
        ]
    },
    {
        "Account Number": 813243,
        "Transaction History": [
            {
                "2024, July , Tuesday, 07:02:12 PM": "Transfer Funds of amount 5000$to the Account with number 535535"
            }
        ]
    }
]
